{"cameraMode":{"drawMode":0,"name":"Shaded","section":"Shading Mode"},"sceneLighting":false,"audioPlay":false,"sceneViewState":{"showFog":true,"showMaterialUpdate":true,"showSkybox":false,"showFlares":true,"showImageEffects":true,"showParticleSystems":true},"in2DMode":false,"pivot":{"x":0.0,"y":1.4435499906539917e-8,"z":0.013383500277996064},"rotation":{"x":0.04035955294966698,"y":-0.8192368745803833,"z":-0.058088358491659167,"w":-0.5691238641738892},"size":0.015053593553602696,"orthographic":false}