{"cameraMode":{"drawMode":0,"name":"Shaded","section":"Shading Mode"},"sceneLighting":false,"audioPlay":false,"sceneViewState":{"showFog":true,"showMaterialUpdate":true,"showSkybox":false,"showFlares":true,"showImageEffects":true,"showParticleSystems":true},"in2DMode":false,"pivot":{"x":-1.746999979019165,"y":1.5809999704360963,"z":-101.5},"rotation":{"x":0.4568973183631897,"y":-0.02074810303747654,"z":0.0106411287561059,"w":0.8892885446548462},"size":1.3076659440994263,"orthographic":false}