{"cameraMode":{"drawMode":0,"name":"Shaded","section":"Shading Mode"},"sceneLighting":false,"audioPlay":false,"sceneViewState":{"showFog":true,"showMaterialUpdate":true,"showSkybox":false,"showFlares":true,"showImageEffects":true,"showParticleSystems":true},"in2DMode":false,"pivot":{"x":2.384185791015625e-7,"y":1.3647273778915406,"z":-147.89576721191407},"rotation":{"x":0.20568694174289704,"y":-0.6532093286514282,"z":0.19087807834148408,"w":0.7033566832542419},"size":1.3541698455810547,"orthographic":false}