{"cameraMode":{"drawMode":0,"name":"Shaded","section":"Shading Mode"},"sceneLighting":false,"audioPlay":false,"sceneViewState":{"showFog":true,"showMaterialUpdate":true,"showSkybox":true,"showFlares":true,"showImageEffects":true,"showParticleSystems":true},"in2DMode":false,"pivot":{"x":1.3618860244750977,"y":3.4254114627838136,"z":-147.84034729003907},"rotation":{"x":-0.13985000550746919,"y":-0.7265041470527649,"z":0.1554122418165207,"w":-0.6546936631202698},"size":7.671775817871094,"orthographic":false}